รายการ,ชื่อสินค้า,ราคา (เยน)
1,ワンピースカード ユースタス・キッド リーダーカード,1500
2,ワンピースカード エース マック プロモ 36枚,6200
3,PSA9 PROMOS O-NAMI 2ND ANV.,9000
4,ワンピースカード シャンクス マック プロモ 36枚,5700
5,ワンピース学園 10巻 プロモカード付き 4冊セット,7480
6,ONE PIECE 学園 10巻 特典カード付き,1499
7,ワンピース 学園 10巻 7冊 プロモ付,13333
8,ワンピースカード バラパック サーチ済み,6800
9,ワンピース学園 10巻 3冊,4800
10,PSA9 PROMOS O-NAMI 2ND ANV.,9000
11,PSA9 ONE PIECE DAY24 ドンカード,5000
12,スタートデッキ 赤 シャンクス 4個,3777
13,スタートデッキ 緑黄 ヤマト 2点セット,1222
14,PSA9 シャンクス リーダーパラレル OP09-001,7999
15,スタートデッキ 最悪の世代 王下七武海,999
16,スタートデッキ 王下七武海,2640
17,ワンピース学園 10巻 10冊,20000
18,ワンピース 学園 10 ロー特典カード付き 2冊,9980
19,ONE PIECE 学園 10巻 プロモ付,1999
20,ワンピース学園 10巻 4冊 プロモ付き,7999
21,ONE PIECE 学園 10巻 6冊,11999
22,スタートデッキ リーダー セット,3999
23,スタートデッキ 青バギー/緑黄ヤマト 2点セット,1111
24,スタートデッキ 青バギー/黒ティーチ 2点セット,1299
25,スタートデッキ 緑黄ヤマト 2点セット,1299
26,スタートデッキ Side ヤマト ST-9 x2,699
27,スタートデッキ 赤シャンクス/緑ボニー,1555
28,スタートデッキ 緑ボニー 2個,1299
29,スタートデッキ Side ヤマト,450
30,スタートデッキ 黒ティーチ 2点セット,1222
31,スタートデッキ 緑ボニー/黒ティーチ 2点セット,1222
32,スタートデッキ 赤シャンクス 2個セット,1899
33,スタートデッキ ウタ ヤマト,1080
34,スタートデッキ 赤シャンクス 2個セット,1900
35,スタートデッキ 緑ボニー/青バギー 2点セット,1222
36,スタートデッキ 赤シャンクス 2個セット,2000
37,ONE PIECE カードゲーム スタートデッキ,1100
38,ONE PIECE 学園 10 カード付き,1999
39,チョッパーズ1巻 3冊 プロモ付,7500
40,スタートデッキ 赤シャンクス 3個セット,2900
41,スタートデッキ シャンクス,3000
42,ワンピース学園 10巻 2冊セット,3333
43,PSA9 ポートガス・D・エース,8800
44,PSA9 モンキー・D・ルフィ L ST01-001,14900
45,PSA9 トニートニー・チョッパー EB01-006,9800
46,ワンピース学園 10巻 4冊セット,7980
47,Vジャンプ付録 キッド 10枚,1999
48,ONE PIECE CHOPPERS 3冊セット,7399
49,ONE PIECE CHOPPERS 2冊,4999
50,ONE PIECE チョッパーズ 2冊,5555
51,ONE PIECE CHOPPERS 1巻 7冊セット,16900
52,ONE PIECE DAY25 ドンカード psa9,4800
53,PSA9 シャーロット・カタクリ OP11-062,5980
54,PSA9 サカズキ OP05-041,5980
55,キギー様 リクエスト 5点 まとめ商品,19500
56,シャンクス バギー スタートデッキ,1800
57,スタートデッキ 青バギー/黒ティーチ 2点セット,999
58,スタートデッキ 赤シャンクス ST-23,1799
59,スタートデッキ 青バギー/緑黄ヤマト 2点セット,999
60,緑ボニー ヤマト スタートデッキ,2333
61,ONE PIECE セブンイレブンキャンペーンカード,1700
62,ワンピースカード キッド/ロー,1000
63,ワンピース ゲームキャンペーンセブンイレブン,1000
64,ユースタス・キッド & トラファルガー・ロー,950
65,セブンイレブン ロー 6枚セット,1989
66,キギー様 リクエスト 2点 まとめ商品,3777
67,イベント配布パックA 3セット,1500
68,PSA9 ルフィ L ST21-001,9000
69,PSA9 モンキー・D・ルフィ リーダーパラレル,8000
70,プロモ イベント配布パックA,1333
71,ワンピース チョッパーズ 3冊,6580
72,ONE PIECE 学園 10巻 4冊セット,6999
73,ONE PIECE 学園 10巻 4冊 プロモ付き,7777
74,最高到達点 2枚セット,520
75,クザン vジャンプ 5枚セット,1999
76,Vジャンプ付録 キッド 10枚,1999
77,PSA9 ルフィ L OP13-001 一番くじ特典,6666
78,スモーカー Vジャンプ付録 8枚セット,3222
79,最高到達点 2枚セット,500
80,PSA9 ルフィ 25周年 プロモ,14800
81,スタンダードバトルパック Vol.16 16パック,10111
82,ドンカード 55枚まとめ売り,1777
83,シャーロット・フランペ R パラレル PSA10,10500
84,ヤマト パラレル PSA9,7000
รวมทั้งหมด,84 รายการ,414235
